{"cameraMode":{"drawMode":0,"name":"Shaded","section":"Shading Mode"},"sceneLighting":true,"audioPlay":false,"sceneViewState":{"showFog":true,"showMaterialUpdate":false,"showSkybox":true,"showFlares":true,"showImageEffects":true,"showParticleSystems":true},"in2DMode":false,"pivot":{"x":717.4232177734375,"y":302.8398742675781,"z":-350.4552001953125},"rotation":{"x":0.007881729863584042,"y":-0.011861750856041909,"z":-0.00437129708006978,"w":1.001222848892212},"size":156.88584899902345,"orthographic":false}